,sno,Dates,Current,Temporal,Spatial,Derived
0,1,4/26/2020,3,3.0,74.36,3.9224370610028476
1,2,4/27/2020,3,3.0,76.69230769,4.016443912474135
2,3,4/28/2020,3,3.0,86.0,4.391603181672707
3,4,4/29/2020,3,3.0,88.42307692,4.489268611109225
4,5,4/30/2020,3,3.0,92.34615385,4.64739359258152
5,6,5/1/2020,3,3.0,99.15384615,4.921786941989173
6,7,5/2/2020,3,3.0,105.57692309999999,5.1806778436554515
7,8,5/3/2020,3,3.0,111.42307690000001,5.416315068671376
8,9,5/4/2020,3,3.0,148.0769231,6.893698473249008
9,10,5/5/2020,3,3.0,154.9615385,7.171192313414125
10,11,5/6/2020,3,3.0,164.0,7.535499866573823
11,12,5/7/2020,3,3.0,173.5,7.918410360247677
12,13,5/8/2020,3,3.0,179.5384615,8.161798810141946
13,14,5/9/2020,3,3.0,187.0769231,8.465646815699566
14,15,5/10/2020,3,3.0,217.92307689999998,9.708943234594052
15,16,5/11/2020,3,3.0,229.0,10.155413770658086
16,17,5/12/2020,4,3.2,242.5384615,10.85330157833583
17,18,5/13/2020,4,3.4,258.3076923,11.527956223832245
18,19,5/14/2020,4,3.6,271.6153846,12.10339519330422
19,20,5/15/2020,6,4.2,287.1538462,13.073151569798682
20,21,5/16/2020,7,5.0,301.4230769,13.917656718563439
21,22,5/17/2020,7,5.6,318.03846150000004,14.704525209611855
22,23,5/18/2020,11,7.0,336.2307692,16.163760141530073
23,24,5/19/2020,11,8.4,347.96153849999996,16.909964450577867
24,25,5/20/2020,11,9.4,368.2307692,17.922214665565367
25,26,5/21/2020,19,11.8,388.4230769,20.10992296112938
26,27,5/22/2020,26,15.6,412.3461538,22.608237249705404
27,28,5/23/2020,29,19.2,434.5,24.543596565531608
28,29,5/24/2020,31,23.2,464.03846150000004,26.741563990717637
29,30,5/25/2020,37,28.4,488.65384620000003,29.42801492970747
30,31,5/26/2020,37,32.0,511.61538459999997,31.056487274487797
31,32,5/27/2020,45,35.8,534.3461538,33.61989134039435
32,33,5/28/2020,54,40.8,559.2307692,36.61758187122549
33,34,5/29/2020,64,47.4,587.7307692,40.186576630531675
34,35,5/30/2020,66,53.2,618.5384615,42.787190206011715
35,36,5/31/2020,73,60.4,646.0384615,46.09359917663841
36,37,6/1/2020,76,66.6,663.1923077,48.335131639215525
37,38,6/2/2020,80,71.8,683.9615385,50.64026334474106
38,39,6/3/2020,91,77.2,710.6538462,54.015218585443954
39,40,6/4/2020,96,83.2,742.0,57.0160319277129
40,41,6/5/2020,106,89.8,770.0,60.56487350314152
41,42,6/6/2020,118,98.2,800.0384615,64.77366086427492
42,43,6/7/2020,124,107.0,835.7692308,68.6111087164983
43,44,6/8/2020,125,113.8,861.6538462000001,71.09541472227555
44,45,6/9/2020,125,119.6,884.3076923,73.14108163427149
45,46,6/10/2020,140,126.4,918.0,77.52415053670768
46,47,6/11/2020,140,130.8,961.2307691999999,80.12581887085025
47,48,6/12/2020,140,134.0,1005.4230769999999,82.53191795547981
48,49,6/13/2020,143,137.6,1046.807692,85.24239971077294
49,50,6/14/2020,146,141.8,1089.807692,88.13515445690989
50,51,6/15/2020,150,143.8,1123.961538,90.35490371045339
51,52,6/16/2020,151,146.0,1164.5,92.5316057642321
52,53,6/17/2020,156,149.2,1203.269231,95.28485717081652
53,54,6/18/2020,161,152.8,1257.807692,98.75181742030819
54,55,6/19/2020,166,156.8,1316.269231,102.45501115371174
55,56,6/20/2020,169,160.6,1370.692308,105.7300801829942
56,57,6/21/2020,176,165.6,1425.6538460000002,109.7137674771559
57,58,6/22/2020,179,170.2,1481.038462,113.18380956960684
58,59,6/23/2020,183,174.6,1527.461538,116.36673767547349
59,60,6/24/2020,186,178.6,1578.5,119.54443939751229
60,61,6/25/2020,190,182.8,1643.461538,123.43553134070979
61,62,6/26/2020,194,186.4,1726.5,127.93807574156534
62,63,6/27/2020,195,189.6,1816.576923,132.30676437071332
63,64,6/28/2020,203,193.6,1913.076923,137.88259241191457
64,65,6/29/2020,207,197.8,1987.615385,142.15969537581913
65,66,6/30/2020,215,202.8,2072.3076920000003,147.45486934890198
66,67,7/1/2020,223,208.6,2157.461538,152.9248632012758
67,68,7/2/2020,229,215.4,2256.1923079999997,158.91106995372866
68,69,7/3/2020,241,223.0,2348.653846,165.47968787405486
69,70,7/4/2020,253,232.2,2482.576923,174.0319036702564
70,71,7/5/2020,264,242.0,2593.423077,181.65798784036653
71,72,7/6/2020,285,254.4,2681.8076920000003,190.0179076443629
72,73,7/7/2020,292,267.0,2784.461538,197.40795937078806
73,74,7/8/2020,309,280.6,2903.461538,206.7836100396391
74,75,7/9/2020,329,295.8,3029.2307690000002,217.08397976973473
75,76,7/10/2020,332,309.4,3177.923077,226.0723563448365
76,77,7/11/2020,345,321.4,3333.7692309999998,236.16811833007088
77,78,7/12/2020,381,339.2,3484.384615,249.7880091452359
78,79,7/13/2020,395,356.4,3601.8076920000003,259.46363379964134
79,80,7/14/2020,410,372.6,3744.5,270.07564559330706
80,81,7/15/2020,429,392.0,3904.1923079999997,282.4503227931605
81,82,7/16/2020,434,409.8,4078.384615,293.5129452684139
82,83,7/17/2020,466,426.8,4268.384615,308.11148050149035
83,84,7/18/2020,481,444.0,4446.307692,320.33878777504594
84,85,7/19/2020,498,461.6,4683.615385,335.26407641933537
85,86,7/20/2020,500,475.8,4870.9615380000005,345.8144644051611
86,87,7/21/2020,556,500.2,5081.0,365.3812206332613
87,88,7/22/2020,573,521.6,5347.4615380000005,382.2236252390591
88,89,7/23/2020,593,544.0,5581.807692,398.3062886249268
89,90,7/24/2020,619,568.2,5825.807692,415.8084357646091
90,91,7/25/2020,634,595.0,6058.4615380000005,432.11634456448337
91,92,7/26/2020,671,618.0,6302.5,450.630337659351
92,93,7/27/2020,693,642.0,6476.423077,464.8162948599346
93,94,7/28/2020,708,665.0,6682.076923,479.29390136695804
94,95,7/29/2020,759,693.0,6918.0,500.0412116904347
95,96,7/30/2020,858,737.8,7204.653845999999,531.5449240950941
96,97,7/31/2020,971,797.8,7460.769231,566.3699266933555
97,98,8/1/2020,1004,860.0,7702.961538,592.0115475185595
98,99,8/2/2020,1092,936.8,7933.230769,626.2466565706357
99,100,8/3/2020,1127,1010.4,8144.384615000001,653.0896156025342
100,101,8/4/2020,1471,1133.0,8353.576923,724.3843357470121
101,102,8/5/2020,1613,1261.4,8611.730769,775.9293215752663
102,103,8/6/2020,1729,1406.4,8920.884615,829.8296016014078
103,104,8/7/2020,1892,1566.4,9211.846154,891.2436094237935
104,105,8/8/2020,2088,1758.6,9537.961538,964.0961352341678
105,106,8/9/2020,2249,1914.2,9876.115385,1026.3268057856576
106,107,8/10/2020,2409,2073.4,10107.46154,1084.8422749881597
107,108,8/11/2020,2737,2275.0,10388.46154,1172.647365168692
108,109,8/12/2020,2858,2468.2,10726.38462,1237.6850347173618
109,110,8/13/2020,3065,2663.6,11025.07692,1311.3017243631502
110,111,8/14/2020,3256,2865.0,11359.0,1385.6997077541719
111,112,8/15/2020,3432,3069.6,11734.96154,1460.719765898848
112,113,8/16/2020,3559,3234.0,12024.0,1518.8421491255626
113,114,8/17/2020,3711,3404.6,12248.692309999999,1578.4103381351827
114,115,8/18/2020,3813,3554.2,12546.88462,1631.1829825627362
115,116,8/19/2020,4119,3726.8,12899.5,1713.7225231471598
116,117,8/20/2020,4383,3917.0,13297.84615,1796.7898876361596
117,118,8/21/2020,4520,4109.2,13665.65385,1864.647184439917
118,119,8/22/2020,4783,4323.6,14055.42308,1951.9812588555894
119,120,8/23/2020,4966,4554.2,14330.730769999998,2028.8134073512083
120,121,8/24/2020,5168,4764.0,14627.769230000002,2104.6096043991533
121,122,8/25/2020,5273,4942.0,14920.96154,2163.0658597089605
122,123,8/26/2020,5328,5103.6,15300.384619999999,2216.1379488162124
123,124,8/27/2020,5377,5222.4,15702.807690000001,2261.100594612624
124,125,8/28/2020,5515,5332.2,16090.884619999999,2313.79767520661
125,126,8/29/2020,5672,5433.0,16543.57692,2369.491526361252
126,127,8/30/2020,5780,5534.4,16976.80769,2418.9738954913673
127,128,8/31/2020,5912,5651.2,17274.80769,2468.7283160366915
128,129,9/1/2020,6185,5812.8,17728.84615,2549.4740067425682
129,130,9/2/2020,6353,5980.4,18187.69231,2619.704631416156
130,131,9/3/2020,6643,6174.6,18698.80769,2711.0402301731824
131,132,9/4/2020,6859,6390.4,19205.80769,2798.054904335976
132,133,9/5/2020,7090,6626.0,19792.615380000003,2893.849915886992
133,134,9/6/2020,7272,6843.4,20410.76923,2981.810221263757
134,135,9/7/2020,7441,7061.0,20818.42308,3059.8541746481874
135,136,9/8/2020,7604,7253.2,21391.07692,3138.9099069230706
136,137,9/9/2020,7790,7439.4,22036.84615,3222.3434176153496
137,138,9/10/2020,8026,7626.6,22674.84615,3311.3164185125543
138,139,9/11/2020,8253,7822.8,23358.69231,3402.8764255997194
139,140,9/12/2020,8450,8024.6,23966.884619999997,3489.086198118136
140,141,9/13/2020,8699,8243.6,24583.53846,3584.87935116504
141,142,9/14/2020,9026,8490.8,25004.46154,3687.1154494570646
142,143,9/15/2020,9212,8728.0,25595.615380000003,3778.3064407171664
143,144,9/16/2020,9450,8967.4,26228.15385,3877.4787558578023
144,145,9/17/2020,9664,9210.2,26904.76923,3976.376036167422
145,146,9/18/2020,9959,9462.2,27471.57692,4081.808798872815
146,147,9/19/2020,10207,9698.4,28042.461539999997,4179.002677286976
147,148,9/20/2020,10329,9921.8,28591.461539999997,4258.558426845792
148,149,9/21/2020,10445,10120.8,28992.26923,4326.697582421462
149,150,9/22/2020,10660,10320.0,29476.07692,4409.422810376901
150,151,9/23/2020,10946,10517.4,30048.807689999998,4503.414179897281
151,152,9/24/2020,11155,10707.0,30563.92308,4584.847820279222
152,153,9/25/2020,11341,10909.4,31045.26923,4664.817426443716
153,154,9/26/2020,11565,11133.4,31602.0,4756.342969686479
154,155,9/27/2020,11802,11361.8,32081.92308,4847.102782791642
155,156,9/28/2020,12026,11577.8,32366.76923,4926.107475367484
156,157,9/29/2020,12260,11798.8,32773.96154,5012.151326702751
157,158,9/30/2020,12516,12033.8,33243.0,5105.91100991928
158,159,10/1/2020,12630,12246.8,33659.76923,5177.201018532112
159,160,10/2/2020,12790,12444.4,34051.65385,5249.685622237683
160,161,10/3/2020,12999,12639.0,34405.15385,5325.581489016789
161,162,10/4/2020,13131,12813.2,34748.65385,5388.378413206214
162,163,10/5/2020,13254,12960.8,34988.61538,5440.789538873104
163,164,10/6/2020,13458,13126.4,35294.46154,5508.536052302301
164,165,10/7/2020,13557,13279.8,35631.23077,5563.266180507805
165,166,10/8/2020,13716,13423.2,35950.192310000006,5622.114676126346
166,167,10/9/2020,13840,13565.0,36226.0,5674.951205010749
167,168,10/10/2020,13929,13700.0,36492.88462,5722.140075597186
168,169,10/11/2020,14003,13809.0,36734.807689999994,5761.548576364858
169,170,10/12/2020,14070,13911.6,36884.61538,5795.20247381161
170,171,10/13/2020,14177,14003.8,37106.03846,5834.238002361082
171,172,10/14/2020,14323,14100.4,37353.76923,5879.60583881951
172,173,10/15/2020,14383,14191.2,37588.61538,5913.591096568906
173,174,10/16/2020,14479,14286.4,37888.38462,5955.125666630776
174,175,10/17/2020,14536,14379.6,38142.34615,5990.010604562211
175,176,10/18/2020,14600,14464.2,38358.5,6022.484351954141
176,177,10/19/2020,14642,14528.0,38488.26923,6044.925367060541
177,178,10/20/2020,14748,14601.0,38708.03846,6080.031881506772
178,179,10/21/2020,14786,14662.4,38897.07692,6103.94058375839
179,180,10/22/2020,14869,14729.0,39074.692310000006,6133.495905169129
180,181,10/23/2020,14930,14795.0,39247.76923,6160.261892510825
181,182,10/24/2020,14984,14863.4,39394.692310000006,6185.650332725397
182,183,10/25/2020,15046,14923.0,39534.11538,6209.923267633593
183,184,10/26/2020,15068,14979.4,39615.26923,6226.69681945861
184,185,10/27/2020,15103,15026.2,39747.0,6245.105256007117
185,186,10/28/2020,15160,15072.2,39901.26923,6266.755161233604
186,187,10/29/2020,15243,15124.0,40044.15385,6292.020598461768
187,188,10/30/2020,15288,15172.4,40195.692310000006,6312.671318584682
188,189,10/31/2020,15334,15225.6,40330.46154,6333.696580837952
189,190,11/1/2020,15391,15283.2,40466.07692,6356.859762446332
190,191,11/2/2020,15420,15335.2,40563.61538,6374.226556924851
191,192,11/3/2020,15451,15376.8,40693.57692,6391.095682787425
192,193,11/4/2020,15480,15415.2,40827.5,6407.273321523695
193,194,11/5/2020,15532,15454.8,40960.5,6426.250469145125
194,195,11/6/2020,15561,15488.8,41159.807689999994,6444.204330965151
195,196,11/7/2020,15622,15529.2,41264.07692,6463.1979888533715
196,197,11/8/2020,15659,15570.8,41387.73077,6480.491758862906
197,198,11/9/2020,15685,15611.8,41467.807689999994,6494.667317347647
198,199,11/10/2020,15713,15648.0,41569.53846,6509.004657101991
199,200,11/11/2020,15730,15681.8,41685.53846,6522.203865862822
200,201,11/12/2020,15749,15707.2,41795.0,6533.725550144721
201,202,11/13/2020,15778,15731.0,41892.53846,6545.585698241759
202,203,11/14/2020,15792,15752.4,41997.23077,6555.5683307424315
203,204,11/15/2020,15820,15773.8,42053.76923,6565.194119635673
204,205,11/16/2020,15856,15799.0,42116.96154,6576.7353103771775
205,206,11/17/2020,15881,15825.4,42183.92308,6587.418129397546
206,207,11/18/2020,15903,15850.4,42307.807689999994,6599.782488893604
207,208,11/19/2020,15929,15877.8,42440.92308,6613.440147838734
208,209,11/20/2020,15971,15908.0,42574.96154,6629.492129517357
209,210,11/21/2020,16004,15937.6,42710.15385,6644.455129679769
210,211,11/22/2020,16066,15974.6,42847.07692,6664.214170717461
211,212,11/23/2020,16108,16015.6,42943.61538,6680.863592006683
212,213,11/24/2020,16145,16058.8,43076.73077,6698.8511561642335
213,214,11/25/2020,16181,16100.8,43225.07692,6717.105144187635
214,215,11/26/2020,16197,16139.4,43381.5,6732.757814618519
215,216,11/27/2020,16270,16180.2,43534.34615,6755.145308607553
216,217,11/28/2020,16292,16217.0,43677.92308,6770.607593545179
217,218,11/29/2020,16339,16255.8,43811.46154,6788.884490764946
218,219,11/30/2020,16360,16291.6,43907.0,6802.1021009461165
219,220,12/1/2020,16391,16330.4,44043.07692,6818.670956348751
220,221,12/2/2020,16423,16361.0,44193.15385,6834.316025257094
221,222,12/3/2020,16451,16392.8,44322.0,6848.887094437107
222,223,12/4/2020,16474,16419.8,44457.53846,6862.224867963551
223,224,12/5/2020,16491,16446.0,44584.76923,6874.392687543252
224,225,12/6/2020,16535,16474.8,44707.38462,6889.937161893897
225,226,12/7/2020,16553,16500.8,44781.23077,6900.027334487717
226,227,12/8/2020,16568,16524.2,44889.15385,6910.643877258664
227,228,12/9/2020,16583,16546.0,45020.53846,6921.8936352486435
228,229,12/10/2020,16607,16569.2,45110.92308,6932.782538500993
229,230,12/11/2020,16631,16588.4,45220.92308,6943.68098188016
230,231,12/12/2020,16651,16608.0,45331.61538,6954.23284833718
231,232,12/13/2020,16676,16629.6,45427.307689999994,6965.136398827315
232,233,12/14/2020,16687,16650.4,45503.34615,6973.507493913428
233,234,12/15/2020,16713,16671.6,45595.38462,6984.298810295457
234,235,12/16/2020,16583,16662.0,45692.84615,6971.643369446812
235,236,12/17/2020,16596,16651.0,45798.92308,6975.241878376187
236,237,12/18/2020,16630,16641.8,45902.53846,6981.4687540021605
237,238,12/19/2020,16648,16634.0,46004.73077,6986.101292533542
238,239,12/20/2020,16671,16625.6,46104.65385,6991.090940806871
239,240,12/21/2020,16685,16646.0,46179.42308,6999.672211492419
240,241,12/22/2020,16709,16668.6,46255.192310000006,7009.854858771574
241,242,12/23/2020,16719,16686.4,46351.07692,7018.326919263309
242,243,12/24/2020,16739,16704.6,46438.42308,7027.664408008233
243,244,12/25/2020,16753,16721.0,46523.23077,7035.869207961117
244,245,12/26/2020,16767,16737.4,46593.34615,7043.481814263969
245,246,12/27/2020,16786,16752.8,46678.15385,7052.057080321456
246,247,12/28/2020,16798,16768.6,46738.03846,7058.913864017373
247,248,12/29/2020,16808,16782.4,46812.92308,7065.758406596195
248,249,12/30/2020,16831,16798.0,46896.88462,7074.791210727055
249,250,12/31/2020,16854,16815.4,46982.73077,7084.251464708554
250,251,1/1/2021,16884,16835.0,47070.42308,7095.007758809908
251,252,1/2/2021,16905,16856.4,47151.34615,7104.824371171629
252,253,1/3/2021,16929,16880.6,47229.65385,7115.421768793388
253,254,1/4/2021,16967,16907.8,47333.07692,7129.2013523790065
254,255,1/5/2021,16984,16933.8,47411.38462,7139.358206477921
255,256,1/6/2021,17005,16958.0,47519.92308,7150.834654119866
256,257,1/7/2021,17023,16981.6,47611.96154,7161.1894418949905
257,258,1/8/2021,17048,17005.4,47702.53846,7172.316406120791
258,259,1/9/2021,17068,17025.6,47793.88462,7182.205662633296
259,260,1/10/2021,17096,17048.0,47881.692310000006,7193.2870717586175
260,261,1/11/2021,17131,17073.2,47941.61538,7204.583343940438
261,262,1/12/2021,17148,17098.2,48014.07692,7214.309289416157
262,263,1/13/2021,17182,17125.0,48099.88462,7226.848163481247
263,264,1/14/2021,17213,17154.0,48192.57692,7239.754685182105
264,265,1/15/2021,17228,17180.4,48270.03846,7249.729247364263
265,266,1/16/2021,17258,17205.8,48340.34615,7260.917403238636
266,267,1/17/2021,17281,17232.4,48417.57692,7271.826897109676
267,268,1/18/2021,17291,17254.2,48465.0,7279.12673394437
268,269,1/19/2021,17313,17274.2,48517.76923,7287.648335039703
269,270,1/20/2021,17325,17293.6,48594.46154,7295.885552206744
270,271,1/21/2021,17338,17309.6,48668.38462,7303.460377236821
271,272,1/22/2021,17362,17325.8,48738.11538,7312.14990037449
272,273,1/23/2021,17383,17344.2,48806.57692,7320.8784202804
273,274,1/24/2021,17400,17361.6,48876.38462,7329.013338378192
274,275,1/25/2021,17407,17378.0,48920.84615,7334.79989957886
275,276,1/26/2021,17437,17397.8,48986.692310000006,7344.714708953938
276,277,1/27/2021,17459,17417.2,49039.76923,7353.131549226598
277,278,1/28/2021,17479,17436.4,49113.96154,7362.134125204308
278,279,1/29/2021,17486,17453.6,49182.03846,7369.02875391762
279,280,1/30/2021,17514,17475.0,49250.92308,7379.152171676185
280,281,1/31/2021,17530,17493.6,49317.42308,7387.274946409325
281,282,2/1/2021,17539,17509.6,49366.88462,7393.411226132448
282,283,2/2/2021,17543,17522.4,49416.15385,7398.349150013675
283,284,2/3/2021,17555,17536.2,49491.84615,7405.452541979533
284,285,2/4/2021,17564,17546.2,49562.42308,7411.268279487613
285,286,2/5/2021,17580,17556.2,49628.53846,7417.696219710382
286,287,2/6/2021,17602,17568.8,49699.5,7425.506080245623
287,288,2/7/2021,17626,17585.4,49765.92308,7434.140391276108
288,289,2/8/2021,17631,17600.6,49823.42308,7439.991865725697
289,290,2/9/2021,17645,17616.8,49889.53846,7447.404192327871
290,291,2/10/2021,17664,17633.6,49978.26923,7456.410962695099
291,292,2/11/2021,17670,17647.2,50035.07692,7462.035246175945
292,293,2/12/2021,17684,17658.8,50131.65385,7469.777119932725
293,294,2/13/2021,17700,17672.6,50232.38462,7478.342311158284
294,295,2/14/2021,17711,17685.8,50339.5,7486.481943283689
295,296,2/15/2021,17716,17696.2,50429.11538,7492.690570538412
296,297,2/16/2021,17732,17708.6,50532.5,7501.089349210448
297,298,2/17/2021,17751,17722.0,50663.26923,7511.126615302146
298,299,2/18/2021,17777,17737.4,50811.07692,7523.033213714893
299,300,2/19/2021,17806,17756.4,50979.38462,7536.808511313381
300,301,2/20/2021,17822,17777.6,51152.5,7549.7362697466815
301,302,2/21/2021,17857,17802.6,51339.23077,7566.104645489229
302,303,2/22/2021,17862,17824.8,51480.92308,7576.71650418579
303,304,2/23/2021,17887,17846.8,51655.61538,7590.88236578483
304,305,2/24/2021,17905,17866.6,51894.73077,7606.423260025369
305,306,2/25/2021,17933,17888.8,52135.0,7623.610785820791
306,307,2/26/2021,17960,17909.4,52361.0,7639.797589577039
307,308,2/27/2021,17974,17931.8,52600.65385,7655.415302690031
308,309,2/28/2021,18008,17956.0,52822.15385,7672.915735514935
309,310,3/1/2021,18015,17978.0,52990.65385,7684.795355333573
310,311,3/2/2021,18049,18001.2,53205.692310000006,7701.840075802693
311,312,3/3/2021,18081,18025.4,53482.46154,7721.341915797591
312,313,3/4/2021,18111,18052.8,53729.384620000004,7740.039338829081
313,314,3/5/2021,18154,18082.0,54010.692310000006,7761.945084472785
314,315,3/6/2021,18184,18115.8,54283.884620000004,7782.951060098288
315,316,3/7/2021,18235,18153.0,54581.692310000006,7807.989208955898
316,317,3/8/2021,18265,18189.8,54827.115379999996,7828.461720826519
317,318,3/9/2021,18303,18228.2,55095.73077,7851.086643673114
318,319,3/10/2021,18346,18266.6,55468.07692000001,7878.458313529611
319,320,3/11/2021,18368,18303.4,55859.84615,7903.924328585033
320,321,3/12/2021,18441,18344.6,56292.96154,7937.68656609127
321,322,3/13/2021,18478,18387.2,56726.42307999999,7967.662829935594
322,323,3/14/2021,18533,18433.2,57182.84615,8001.2651642158235
323,324,3/15/2021,18606,18485.2,57596.807689999994,8036.3643080014535
324,325,3/16/2021,18676,18546.8,58096.46154,8076.452558461322
325,326,3/17/2021,18782,18615.0,58762.307689999994,8128.601511780414
326,327,3/18/2021,18878,18695.0,59496.96154,8184.696579410148
327,328,3/19/2021,18963,18781.0,60195.57692000001,8239.266073034803
328,329,3/20/2021,19082,18876.2,60961.53846,8302.19355089426
329,330,3/21/2021,19188,18978.6,61763.615379999996,8366.511744999696
330,331,3/22/2021,19342,19090.6,62398.07692000001,8431.379648739188
331,332,3/23/2021,19525,19220.0,63132.884620000004,8506.971133415476
332,333,3/24/2021,19678,19363.0,63945.0,8584.93987638982
333,334,3/25/2021,19856,19517.8,64870.5,8672.611625354462
334,335,3/26/2021,20045,19689.2,65835.0,8766.341444792597
335,336,3/27/2021,20235,19867.8,66738.84615,8859.145627484442
336,337,3/28/2021,20472,20057.2,67757.73077000001,8964.013447843825
337,338,3/29/2021,20795,20280.6,68520.96154,9074.946682965494
338,339,3/30/2021,21074,20524.2,69202.07692,9181.536137896297
339,340,3/31/2021,21395,20794.2,70260.76922999999,9313.251695276602
340,341,4/1/2021,21682,21083.6,71287.57692,9443.623349135301
341,342,4/2/2021,21966,21382.4,72470.19231,9581.771152133218
342,343,4/3/2021,22315,21686.4,73687.53846,9729.688814934825
343,344,4/4/2021,22734,22018.4,75052.19231,9896.931824115101
344,345,4/5/2021,22975,22334.4,76187.46154,10031.66460221822
345,346,4/6/2021,23411,22680.2,77546.42308,10203.296422193904
346,347,4/7/2021,23704,23027.8,79015.92308,10363.555060151484
347,348,4/8/2021,24066,23378.0,80472.76922999999,10531.618540890491
348,349,4/9/2021,24515,23734.2,81955.53846,10711.742334901872
349,350,4/10/2021,25050,24149.2,83296.61537999999,10907.367643894051
350,351,4/11/2021,25731,24613.2,84887.11537999999,11139.134093555771
351,352,4/12/2021,26263,25125.0,86228.76922999999,11353.345461544262
352,353,4/13/2021,26920,25695.8,87826.23077000001,11603.531927354477
353,354,4/14/2021,27493,26291.4,89308.61537999999,11844.418405504333
354,355,4/15/2021,28178,26917.0,90980.26922999999,12111.464279130718
355,356,4/16/2021,28978,27566.4,92684.73077000001,12397.491912450354
356,357,4/17/2021,29602,28234.2,94497.84615,12671.578039417713
357,358,4/18/2021,30317,28913.6,96362.07692,12960.285998079125
358,359,4/19/2021,30922,29599.4,97949.11537999999,13226.62486620773
359,360,4/20/2021,31664,30296.6,99649.80769,13515.271988986678
360,361,4/21/2021,32393,30979.6,101541.0385,13807.355260503036
361,362,4/22/2021,33132,31685.6,103393.0769,14103.481538438795
362,363,4/23/2021,33937,32409.6,105245.4615,14410.604377525724
363,364,4/24/2021,34524,33130.0,107165.3846,14695.080345445323
364,365,4/25/2021,35356,33868.4,109087.0385,15010.862061936448
365,366,4/26/2021,35898,34569.4,110514.3077,15266.60104866164
366,367,4/27/2021,36750,35293.0,112584.7692,15587.753593407866
367,368,4/28/2021,37534,36012.4,114454.4615,15892.299700964664
368,369,4/29/2021,38456,36798.8,116451.1923,16230.663773011278
369,370,4/30/2021,39458,37619.2,118352.8846,16580.888196964617
370,371,5/1/2021,40355,38510.6,120267.1154,16933.60177999168
371,372,5/2/2021,40967,39354.0,121968.2308,17236.105439774896
372,373,5/3/2021,41548,40156.8,123455.1154,17518.538657059806
373,374,5/4/2021,42125,40890.6,125073.4615,17792.34431119822
374,375,5/5/2021,42818,41562.6,126823.3077,18072.50759467922
375,376,5/6/2021,43576,42206.8,128777.1538,18362.81941427713
376,377,5/7/2021,44219,42857.2,130420.8462,18628.82879835569
377,378,5/8/2021,44831,43513.8,132185.0385,18897.398208368555
378,379,5/9/2021,45431,44175.0,133641.1538,19153.09063236504
379,380,5/10/2021,45966,44804.6,134791.8462,19382.947421299992
380,381,5/11/2021,46733,45436.0,136060.2308,19644.149633228604
381,382,5/12/2021,47436,46079.4,137482.5,19906.65619653833
382,383,5/13/2021,47987,46710.6,138780.0,20144.553058344798
383,384,5/14/2021,48597,47343.8,140004.3462,20386.567593310217
384,385,5/15/2021,49109,47972.4,141065.6538,20610.0239449672
385,386,5/16/2021,49724,48570.6,142118.0,20838.83703133877
386,387,5/17/2021,50348,49153.0,142922.3462,21055.587180693932
387,388,5/18/2021,51000,49755.6,143811.3846,21282.86356856252
388,389,5/19/2021,51475,50331.2,144904.4615,21493.064601761136
389,390,5/20/2021,52203,50950.0,145840.1154,21733.98248383521
390,391,5/21/2021,54015,51808.2,146762.5769,22143.768290122403
391,392,5/22/2021,54536,52645.8,147543.5,22397.753357329624
392,393,5/23/2021,55076,53461.0,148318.8846,22649.29091402689
393,394,5/24/2021,55362,54238.4,148994.0,22860.66630209862
394,395,5/25/2021,55721,54942.0,149722.5769,23068.045276314435
395,396,5/26/2021,55979,55334.8,150426.3846,23202.30773679443
396,397,5/27/2021,56435,55714.6,151036.1538,23352.644501235525
397,398,5/28/2021,56782,56055.8,151626.4231,23482.324765886362
398,399,5/29/2021,57060,56395.4,152185.2692,23602.618873117193
399,400,5/30/2021,57300,56711.2,152692.9231,23711.902555320943
400,401,5/31/2021,57633,57042.0,153099.3462,23830.557764302597
401,402,6/1/2021,57932,57341.4,153477.3077,23938.087264932994
402,403,6/2/2021,58205,57626.0,153875.0769,24040.583297390374
403,404,6/3/2021,58484,57910.8,154272.6923,24143.791069177838
404,405,6/4/2021,58703,58191.4,154631.5,24237.82566251675
405,406,6/5/2021,59187,58502.2,154982.7692,24367.437648020845
406,407,6/6/2021,59428,58801.4,155290.4231,24465.531702982094
407,408,6/7/2021,59561,59072.6,155531.6154,24543.259424144213
408,409,6/8/2021,59737,59323.2,155796.8077,24622.797249386345
409,410,6/9/2021,59875,59557.6,156063.9231,24694.94959514355
410,411,6/10/2021,59998,59719.8,156375.4615,24753.0966832203
411,412,6/11/2021,60130,59860.2,156662.5,24807.017684614875
412,413,6/12/2021,60232,59994.4,156922.6154,24855.248411421482
413,414,6/13/2021,60344,60115.8,157170.0,24901.59800892314
414,415,6/14/2021,60427,60226.2,157356.6923,24940.07206390106
415,416,6/15/2021,60561,60338.8,157620.8077,24987.866875214706
416,417,6/16/2021,60667,60446.2,157867.6538,25030.782087441625
417,418,6/17/2021,60754,60550.6,158106.0385,25070.620637894273
418,419,6/18/2021,60911,60664.0,158352.3462,25120.456291930637
419,420,6/19/2021,61045,60787.6,158585.0385,25169.132534850745
420,421,6/20/2021,61132,60901.8,158808.6923,25210.290993483766
421,422,6/21/2021,61230,61014.4,158942.0,25248.7401162173
422,423,6/22/2021,61298,61123.2,159143.2692,25285.79206870064
423,424,6/23/2021,61417,61224.4,159368.2692,25328.08697867715
424,425,6/24/2021,61508,61317.0,159594.8077,25365.59644176625
425,426,6/25/2021,61596,61409.8,159839.1923,25403.524828444715
426,427,6/26/2021,61665,61496.8,160063.9615,25437.380216907775
427,428,6/27/2021,61716,61580.4,160293.8462,25468.74121803158
428,429,6/28/2021,61758,61648.6,160434.1923,25492.46774140233
429,430,6/29/2021,61821,61711.2,160622.5769,25519.413098559366
430,431,6/30/2021,61850,61762.0,160840.3846,25541.39318387702
431,432,7/1/2021,61898,61808.6,161058.2692,25564.7060299609
432,433,7/2/2021,61925,61850.4,161253.9231,25583.80944099414
433,434,7/3/2021,61970,61892.8,161478.8462,25606.246402514793
434,435,7/4/2021,62010,61930.6,161695.1154,25626.87057262763
435,436,7/5/2021,62064,61973.4,161836.6154,25647.0414867894
436,437,7/6/2021,62127,62019.2,162037.4615,25671.208566457113
437,438,7/7/2021,62180,62070.2,162269.8462,25696.530788806333
438,439,7/8/2021,62230,62122.2,162520.7308,25722.454503966765
439,440,7/9/2021,62283,62176.8,162738.1154,25747.87510290282
440,441,7/10/2021,62312,62226.4,162935.0385,25768.779080474524
441,442,7/11/2021,62396,62280.2,163135.5769,25796.872021828363
442,443,7/12/2021,62562,62356.6,163297.5,25837.099732987594
443,444,7/13/2021,62697,62450.0,163488.1923,25878.29906715391
444,445,7/14/2021,62751,62543.6,163684.8846,25910.61435678933
445,446,7/15/2021,62810,62643.2,163884.1154,25944.769327878796
446,447,7/16/2021,62840,62732.0,164076.0769,25973.24109775876
447,448,7/17/2021,62906,62800.8,164296.9231,26003.04498733254
448,449,7/18/2021,62968,62855.0,164506.8462,26029.105058175955
449,450,7/19/2021,63042,62913.2,164652.1538,26054.699565946372
450,451,7/20/2021,63122,62975.6,164918.8846,26086.68722491256
451,452,7/21/2021,63204,63048.4,165137.3462,26118.986442434332
452,453,7/22/2021,63235,63114.2,165330.6538,26143.134379675466
453,454,7/23/2021,63271,63174.8,165515.9615,26166.510196883966
454,455,7/24/2021,63328,63232.0,165679.6538,26190.726948695985
455,456,7/25/2021,63407,63289.0,165871.0,26218.508516680824
456,457,7/26/2021,63454,63339.0,166001.5385,26238.85153327031
457,458,7/27/2021,63552,63402.4,166183.4615,26269.652821668817
458,459,7/28/2021,63621,63472.4,166382.1538,26299.137535489812
459,460,7/29/2021,63885,63583.8,166826.3462,26368.665429307086
460,461,7/30/2021,63935,63689.4,167013.0769,26402.469867328975
461,462,7/31/2021,64122,63823.0,167210.9615,26457.69266038306
462,463,8/1/2021,64247,63962.0,167400.2308,26506.607529249966
463,464,8/2/2021,64313,64100.4,167540.4615,26546.752972754235
464,465,8/3/2021,64365,64196.4,167715.8462,26578.451786444013
465,466,8/4/2021,64463,64302.0,167897.8846,26617.498168654758
466,467,8/5/2021,64439,64365.4,168153.4615,26637.46419909766
467,468,8/6/2021,64485,64413.0,168314.0385,26658.436160389123
468,469,8/7/2021,64540,64458.4,168489.3462,26680.590592495544
469,470,8/8/2021,64584,64502.2,168651.7308,26700.66708647397
470,471,8/9/2021,64668,64543.2,168783.7308,26723.498023174085
471,472,8/10/2021,64869,64629.2,168954.0385,26769.898448076616
472,473,8/11/2021,64970,64726.2,169124.0,26807.118164549305
473,474,8/12/2021,65096,64837.4,169318.0769,26850.911419757627
474,475,8/13/2021,65173,64955.2,169525.8846,26891.00268209073
475,476,8/14/2021,65261,65073.8,169705.4615,26931.35690140524
476,477,8/15/2021,65325,65165.0,169852.5769,26962.336749220864
477,478,8/16/2021,65388,65248.6,169979.6154,26990.910162024826
478,479,8/17/2021,65446,65318.6,170118.2692,27016.730320915747
479,480,8/18/2021,65495,65383.0,170280.2692,27041.379635569516
480,481,8/19/2021,65574,65445.6,170446.1538,27069.228457371482
481,482,8/20/2021,65626,65505.8,170579.6538,27092.248343831347
482,483,8/21/2021,65701,65568.4,170724.5,27118.796594666077
483,484,8/22/2021,65759,65631.0,170852.6538,27142.748530198303
484,485,8/23/2021,65805,65693.0,170966.4231,27164.64574765502
485,486,8/24/2021,65861,65750.4,171100.6538,27187.600916242474
486,487,8/25/2021,65927,65810.6,171260.8462,27213.280739572507
487,488,8/26/2021,65980,65866.4,171420.6154,27236.613396385736
488,489,8/27/2021,66027,65920.0,171561.6154,27258.0810541753
489,490,8/28/2021,66087,65976.4,171708.2692,27281.79427113159
490,491,8/29/2021,66140,66032.2,171850.0385,27304.401417355868
491,492,8/30/2021,66169,66080.6,171964.8846,27321.762843803393
492,493,8/31/2021,66247,66134.0,172094.4615,27346.238592162685
493,494,9/1/2021,66305,66189.6,172227.0769,27369.003460547334
494,495,9/2/2021,66353,66242.8,172357.7692,27390.090691300637
495,496,9/3/2021,66399,66294.6,172486.0385,27410.580585377353
496,497,9/4/2021,66452,66351.2,172605.4231,27432.441702569962
497,498,9/5/2021,66508,66403.4,172723.5,27453.730360182923
498,499,9/6/2021,66543,66451.0,172830.2308,27471.287355665365
499,500,9/7/2021,66603,66501.0,172942.6923,27492.372669854478
500,501,9/8/2021,66658,66552.8,173064.0,27513.600293451105
501,502,9/9/2021,66056,66473.6,173205.1154,27435.70795099735
502,503,9/10/2021,66091,66390.2,173328.2692,27428.346377532827
503,504,9/11/2021,66119,66305.4,173418.1538,27418.57843226084
504,505,9/12/2021,66175,66219.8,173526.6154,27412.57116782302
505,506,9/13/2021,66204,66129.0,173606.5,27401.34167935377
506,507,9/14/2021,66269,66171.6,173713.1923,27421.315188398577
507,508,9/15/2021,66333,66220.0,173822.8846,27442.42904183671
508,509,9/16/2021,66407,66277.6,173927.2692,27466.256929430514
509,510,9/17/2021,66450,66332.6,174031.4231,27486.060244890872
510,511,9/18/2021,66491,66390.0,174127.1923,27505.76795956545
511,512,9/19/2021,66551,66446.4,174224.3077,27527.484463553345
512,513,9/20/2021,66572,66494.2,174293.8462,27541.997363564486
513,514,9/21/2021,66631,66539.0,174384.1154,27561.05962940745
514,515,9/22/2021,66676,66584.2,174486.0769,27579.087214673924
515,516,9/23/2021,66731,66632.2,174574.5,27598.24734912601
516,517,9/24/2021,66771,66676.2,174665.7692,27615.043904388785
517,518,9/25/2021,66838,66729.4,174754.5385,27636.59117131601
518,519,9/26/2021,66853,66773.8,174842.7308,27650.51313212605
519,520,9/27/2021,66868,66812.2,174716.0385,27654.602248333897
520,521,9/28/2021,66915,66849.0,174790.8846,27670.122927410528
